Topics,Descriptions,Links
3D,"3D refers to the use of three-dimensional graphics, modeling, and animation in various industries.",https://github.com/topics/3d
Ajax,Ajax is a technique for creating interactive web applications.,https://github.com/topics/ajax
Algorithm,Algorithms are self-contained sequences that carry out a variety of tasks.,https://github.com/topics/algorithm
Amp,Amp is a non-blocking concurrency library for PHP.,https://github.com/topics/amphp
Android,Android is an operating system built by Google designed for mobile devices.,https://github.com/topics/android
Angular,Angular is an open source web application platform.,https://github.com/topics/angular
Ansible,Ansible is a simple and powerful automation engine.,https://github.com/topics/ansible
API,An API (Application Programming Interface) is a collection of protocols and subroutines for building software.,https://github.com/topics/api
Arduino,Arduino is an open source platform for building electronic devices.,https://github.com/topics/arduino
ASP.NET,ASP.NET is a web framework for building modern web apps and services.,https://github.com/topics/aspnet
